age,sex,bmi,children,smoker,region,charges
39,female,26.315,2,no,northwest,12977.975
54,male,32.775,0,no,northeast,18236.598
46,male,25.8,5,no,southwest,14667.984
49,female,33.345,2,no,northeast,16491.596
36,female,29.04,4,no,southeast,14561.781
56,female,39.82,0,no,southeast,18941.354
32,female,23.65,1,no,southeast,10259.915
22,female,31.02,3,yes,southeast,47178.527
54,male,24.035,0,no,northeast,18010.5
40,male,24.97,2,no,southeast,12511.665
30,male,27.645,1,no,northeast,10663.427
49,male,32.3,3,no,northwest,15841.191
47,female,23.6,1,no,southwest,15196.73
53,male,36.1,1,no,southwest,18864.87
32,female,17.765,2,yes,northwest,24078.256
35,male,27.1,1,no,southwest,10369.561
18,female,20.79,0,no,southeast,5777.237
59,male,31.79,2,no,southeast,19192.887
27,male,32.585,3,no,northeast,12087.861
60,female,18.335,0,no,northeast,20232.729
52,female,30.78,1,no,northeast,18579.705
57,female,20.1,1,no,southwest,18381.64
54,male,30.21,0,no,northwest,18156.562
55,female,29.83,0,no,northeast,18809.213
27,male,31.13,1,yes,southeast,47060.49
51,female,34.2,1,no,southwest,15669.233
24,male,33.63,4,no,northeast,14494.434
22,female,23.18,0,no,northeast,7802.378
54,male,30.8,1,yes,southeast,57216.457
28,female,33.4,0,no,southwest,8183.5347
38,male,16.815,2,no,northeast,11312.148
23,female,36.67,2,yes,northeast,49048.55
34,female,33.7,1,no,southwest,10907.55
30,male,44.22,2,no,southeast,12600.748
42,female,37.9,0,no,southwest,13253.489
27,female,31.4,0,yes,southwest,46943.14
28,female,24.32,1,no,northeast,10921.386
52,male,47.74,1,no,southeast,18495.238
20,male,29.735,0,no,northwest,7159.736
53,female,32.3,2,no,northeast,19610.238
37,female,23.37,2,no,northwest,12210.032
53,female,35.9,2,no,southwest,19069.66
50,female,30.115,1,no,northwest,15962.475
18,female,30.305,0,no,northeast,8256.805
37,female,29.5,2,no,southwest,11776.914
34,female,26.41,1,no,northwest,11207.998
21,male,31.1,0,no,southwest,5897.986
42,female,40.37,2,yes,southeast,55157.457
58,female,41.91,0,no,southeast,18941.354
34,female,19.0,3,no,northeast,12971.202
61,female,25.08,0,no,southeast,20574.549
48,male,40.15,0,no,southeast,15800.349
21,female,16.815,1,no,northeast,8144.4316
38,female,40.565,1,no,northwest,12430.944
37,female,27.74,3,no,northwest,12349.781
28,male,23.98,3,yes,southeast,24644.037
51,male,42.9,2,yes,southeast,60314.94
18,female,38.665,2,no,northeast,12776.025
29,male,27.2,0,no,southwest,7778.219
42,male,24.64,0,yes,southeast,28685.088
41,male,29.64,5,no,northeast,15607.611
49,female,36.63,3,no,southeast,16358.31
56,female,35.8,1,no,southwest,19794.604
20,female,24.42,0,yes,southeast,23477.0
58,male,34.865,0,no,northeast,18609.912
46,male,27.6,0,no,southwest,13126.2
19,male,29.07,0,yes,northwest,27655.47
50,male,32.11,2,no,northeast,15889.16
43,female,30.685,2,no,northwest,13624.506
20,female,31.92,0,no,northwest,7565.0522
36,female,29.92,0,no,southeast,9916.185
31,female,38.095,1,yes,northeast,51929.68
18,female,40.26,0,no,southeast,8188.113
39,male,29.6,4,no,southwest,13471.196
45,male,24.035,2,no,northeast,14509.585
20,male,30.115,5,no,northeast,12759.111
34,female,27.72,0,no,southeast,9881.791
19,female,39.615,1,no,northwest,10116.076
31,male,25.935,1,no,northwest,9915.586
60,male,29.64,0,no,northeast,20994.912
42,male,34.1,0,no,southwest,11031.129
22,female,34.58,2,no,northeast,11631.892
32,female,29.8,2,no,southwest,11052.258
37,male,34.2,1,yes,northeast,52151.043
47,female,29.37,1,no,southeast,15764.238
47,female,29.545,1,no,northwest,15825.229
35,female,35.86,2,no,southeast,12495.974
29,male,34.4,0,yes,southwest,48500.883
34,male,25.3,2,yes,southeast,25681.89
18,male,38.17,0,yes,southeast,47988.754
44,male,25.365,1,no,northwest,12905.712
42,male,24.86,0,no,southeast,11006.6875
44,male,38.06,1,no,southeast,15284.694
46,male,39.425,1,no,northeast,16038.469
44,female,27.5,1,no,southwest,12980.603
20,male,35.625,3,yes,northwest,50802.02
52,male,32.775,3,no,northwest,18438.389
23,male,41.91,0,no,southeast,9732.028
52,female,33.3,2,no,southwest,17909.271
25,female,33.99,1,no,southeast,10557.814
31,male,25.9,3,yes,southwest,25443.328
33,female,36.29,3,no,northeast,13516.837
34,male,42.9,1,no,southwest,11696.814
24,female,22.6,0,no,southwest,7108.158
42,male,26.07,1,yes,southeast,28787.586
54,female,27.645,1,no,northwest,19328.51
57,female,25.74,2,no,southeast,19392.021
23,female,28.0,0,no,southwest,7838.256
34,male,30.8,0,yes,southwest,50855.633
25,female,28.595,0,no,northeast,9757.365
23,male,32.7,3,no,southwest,10301.658
59,female,26.505,0,no,northeast,18615.154
45,female,30.9,2,no,southwest,14343.743
58,female,25.2,0,no,southwest,18496.227
29,male,35.5,2,yes,southwest,48642.7
43,male,35.31,2,no,southeast,13531.514
50,female,25.6,0,no,southwest,14984.191
45,female,35.3,0,no,southwest,13664.189
58,male,38.0,0,no,southwest,20553.42
57,male,27.94,1,no,southeast,19126.453
52,female,37.4,0,no,southwest,17338.645
53,female,26.6,0,no,northwest,18427.055
31,female,23.6,2,no,southwest,10828.871
50,female,27.83,3,no,southeast,16508.281
18,female,26.315,0,no,northeast,7293.5083
61,female,31.16,0,no,northwest,21066.84
58,male,28.595,0,no,northwest,18122.168
46,female,23.655,1,yes,northwest,32611.018
51,male,27.74,1,no,northeast,15854.767
44,female,36.955,1,no,northwest,13657.963
29,male,38.94,1,no,southeast,11210.708
63,male,33.1,0,no,southwest,20884.857
21,male,25.745,2,no,northeast,10466.832
46,female,33.725,1,no,northeast,15480.288
29,female,21.755,1,yes,northeast,23778.13
31,male,28.5,5,no,northeast,14154.309
61,male,28.31,1,yes,northwest,37102.52
42,female,23.37,0,yes,northeast,28918.56
18,female,29.165,0,no,northeast,8222.412
29,female,26.03,0,no,northwest,8881.543
53,male,20.9,0,yes,southeast,30852.842
30,female,27.93,0,no,northeast,9757.365
51,female,18.05,0,no,northwest,14809.483
52,male,27.36,0,yes,northwest,32826.363
52,male,32.205,3,no,northeast,18648.28
59,male,25.46,0,no,northwest,18053.777
52,male,26.4,3,no,southeast,18203.254
55,female,26.98,0,no,northwest,18527.484
63,female,32.2,2,yes,southwest,60163.19
41,female,21.755,1,no,northeast,12140.244
26,male,30.875,2,no,northwest,11563.406
56,female,37.51,2,no,southeast,19738.953
26,female,17.195,2,yes,northeast,22998.596
46,male,25.745,3,no,northwest,14268.853
30,male,31.57,3,no,southeast,11502.416
43,male,26.03,0,no,northeast,11865.831
18,female,31.35,0,no,southeast,7408.3496
23,male,26.51,0,no,southeast,9168.582
50,female,26.22,2,no,northwest,15788.332
54,male,25.46,1,no,northeast,18772.207
55,male,33.0,0,no,southeast,18095.57
60,female,24.53,0,no,southeast,20574.549
38,female,19.95,2,no,northeast,11704.084
37,male,29.64,0,no,northwest,9571.855
30,female,27.7,0,no,southwest,8183.5347
38,male,34.7,2,no,southwest,11704.793
38,female,40.15,0,no,southeast,10828.617
34,male,27.835,1,yes,northwest,26528.271
62,male,30.875,3,yes,northwest,60014.73
42,male,37.18,2,no,southeast,13059.125
46,female,28.05,1,no,southeast,14752.931
35,female,43.34,2,no,southeast,13235.617
32,male,28.93,1,yes,southeast,29882.922
30,female,43.12,2,no,southeast,12687.498
45,female,27.83,2,no,southeast,14752.931
53,male,31.16,1,no,northwest,18957.588
24,female,20.52,0,yes,northeast,23264.162
27,female,30.59,1,no,northeast,11270.438
58,female,28.215,0,no,northwest,18527.484
19,female,28.4,1,no,southwest,7938.191
63,male,21.66,1,no,northwest,21296.344
18,male,37.29,0,no,southeast,7243.6787
23,male,27.36,1,no,northwest,10138.973
30,female,33.33,1,no,southeast,10517.695
18,female,40.185,0,no,northeast,9441.058
24,female,29.925,0,no,northwest,9100.005
53,female,37.43,1,no,northwest,19535.693
18,male,41.14,0,no,southeast,8101.3643
43,male,32.6,2,no,southwest,12714.615
55,female,32.775,2,no,northwest,19627.156
18,male,17.29,2,yes,northeast,21446.87
28,female,26.51,2,no,southeast,11649.955
27,female,17.955,2,yes,northeast,22998.596
27,male,26.03,0,no,northeast,8909.405
33,male,33.44,5,no,southeast,14629.257
49,female,22.61,1,no,northwest,14570.148
59,female,26.695,3,no,northwest,20126.242
57,male,43.7,1,no,southwest,20111.902
43,male,35.97,3,yes,southeast,53723.516
33,female,19.095,2,yes,northeast,25234.697
48,female,33.11,0,yes,southeast,55326.41
18,female,31.35,4,no,northeast,13331.7295
34,female,26.73,1,no,southeast,11147.008
44,female,36.48,0,no,northeast,13105.455
33,male,42.4,5,no,southwest,13977.731
22,female,27.1,0,no,southwest,6219.6636
62,male,30.02,0,no,northwest,20916.74
48,female,22.8,0,no,southwest,14774.541
40,female,29.81,1,no,southeast,12951.795
61,female,39.1,2,no,southwest,22788.424
53,male,41.47,0,no,southeast,18854.602
55,male,32.67,1,no,southeast,19160.848
19,male,17.48,0,no,northwest,5742.5034
45,female,31.79,0,no,southeast,13975.101
26,male,30.0,1,no,southwest,8911.615
19,female,30.495,0,no,northwest,7565.0522
27,male,32.67,0,no,southeast,8633.695
62,female,30.495,2,no,northwest,22909.33
42,male,35.97,2,no,southeast,13059.125
41,male,33.55,0,no,southeast,11274.182
41,female,32.6,3,no,southwest,12647.546
48,male,29.6,0,no,southwest,14576.45
20,female,30.59,0,no,northeast,8256.805
24,male,26.79,1,no,northwest,9667.674
63,female,26.98,0,yes,northwest,36131.066
37,female,25.555,1,yes,northeast,26943.682
24,male,29.3,0,no,southwest,7432.9395
46,female,27.72,1,no,southeast,14752.931
23,female,32.78,2,yes,southeast,47178.527
19,male,36.955,0,yes,northwest,49664.02
45,female,30.495,1,yes,northwest,55529.215
41,female,32.2,1,no,southwest,12508.214
55,male,21.5,1,no,southwest,18044.469
44,male,31.35,1,yes,northeast,54499.992
42,male,24.605,2,yes,northeast,28903.02
19,male,22.61,0,no,northwest,5494.3774
47,male,29.8,3,yes,southwest,35502.85
18,male,33.77,1,no,southeast,8637.922
33,female,39.82,1,no,southeast,12233.583
57,male,18.335,0,no,northeast,17441.504
47,male,36.2,1,no,southwest,15361.59
22,male,32.11,0,no,northwest,7159.736
61,female,22.04,0,no,northeast,20150.559
43,female,46.2,0,yes,southeast,57687.44
21,male,31.255,0,no,northwest,7159.736
47,male,25.46,2,no,northeast,15520.893
22,female,30.4,0,no,northeast,8256.805
32,female,20.52,0,no,northeast,8763.635
56,male,32.11,1,no,northeast,19301.875
40,female,29.3,4,no,southwest,13570.784
38,female,19.475,2,no,northwest,11103.604
46,male,40.375,2,no,northwest,15438.344
47,female,26.125,1,yes,northeast,32612.88
57,female,28.785,4,no,northeast,22650.438
20,female,31.46,0,no,southeast,7504.062
63,female,23.085,0,no,northeast,20690.092
52,male,33.25,0,no,northeast,17436.465
62,male,21.4,0,no,southwest,19882.523
25,female,23.465,0,no,northeast,9698.056
32,male,33.82,1,no,northwest,10414.014
32,male,33.63,1,yes,northeast,51245.145
56,female,28.31,0,no,northeast,18774.818
43,male,27.8,0,yes,southwest,29629.66
45,male,36.48,2,yes,northwest,58593.125
54,female,31.9,1,no,southeast,19301.912
56,male,25.935,0,no,northeast,18010.5
30,male,24.4,3,yes,southwest,25094.656
21,female,25.8,0,no,southwest,5975.6094
